[FA],Java,Python,C++,C#,C,Scala,Swift,Perl,D,Object Pascal,Ruby,Common Lisp,F#,PHP,OCaml,Lua,JavaScript,Erlang,Go,Fortran,Visual Basic .NET,Clojure,HTML / CSS,Objective-C,TypeScript,Elixir,Visual-Basic,Kotlin,ASP.net,Delphi,Rust,ActionScript,Groovy,Dart,R,Haskell,Julia,Assembly language,Scheme,Matlab,Bash / Shell,CoffeeScript,SQL,COBOL,PowerShell,Logo,WebAssembly
Accessible and friendly community,0.9,0.9,0.9,0.9,0.9,0.5,0.9,0.5,0.5,0.1,0.5,0.1,0.5,0.9,0.1,0.5,0.9,0.5,0.5,0.1,0.1,0.5,0.5,0.9,0.1,0.5,0.1,0.5,0.1,0.1,0.5,0.1,0.5,0.5,0.9,0.5,0.5,0.5,0.5,0.5,0.1,0.1,0.5,0.1,0.1,0.5,0.1
Android,1,1,1,1,1,1,0,0,1,1,0,1,1,1,1,1,0,1,1,1,1,1,1,0,1,1,0,1,0,1,1,1,1,1,0,0,0,0,0,0,0,0,0,0,0,0,0
Arduino,1,0,1,0,1,1,1,0,1,0,0,1,0,0,1,0,0,1,0,1,1,0,0,0,1,1,1,0,0,1,0,0,0,0,0,1,0,1,0,0,1,0,0,0,0,0,0
Array programming,0,1,0,0,1,1,1,1,1,1,0,1,0,1,1,0,1,0,1,1,0,0,0,1,0,0,1,0,0,0,1,0,0,0,1,1,0,0,1,1,0,0,0,0,0,0,0
Aspect-Oriented Programming (AOP),1,1,1,0,1,0,0,1,0,0,1,1,0,1,0,0,1,0,0,0,0,0,0,0,0,0,0,0,0,1,0,1,1,0,0,1,0,0,0,1,0,0,0,1,0,0,0
AWS,1,1,1,1,0,1,1,1,0,1,1,1,1,1,1,1,1,1,1,1,1,1,1,0,0,1,1,1,1,1,1,0,0,0,0,0,0,0,0,0,0,0,0,0,0,0,0
Back-end,1,1,1,1,1,1,1,1,1,1,1,1,1,1,1,0,0,1,1,1,1,1,0,1,0,1,1,1,1,1,1,0,1,1,1,1,1,1,1,1,1,1,1,1,1,1,1
Banking System,1,1,1,1,0,1,1,1,0,0,1,0,1,1,1,0,0,1,0,1,0,0,1,0,1,0,1,1,0,0,0,0,0,0,1,0,0,0,1,0,0,0,1,1,0,0,0
Bytecode,1,0,0,1,0,1,0,1,0,0,0,0,0,0,0,0,0,0,0,0,0,1,0,0,0,0,0,1,1,0,0,0,1,0,0,0,0,0,0,0,0,0,0,0,0,0,0
Case & Related Developer Tools,0,0,0,0,0,0,0,0,0,1,0,0,0,0,0,0,0,1,0,0,0,0,0,0,0,0,0,0,0,0,0,0,0,0,0,0,0,0,0,0,0,0,0,0,0,0,0
Cloud Computing Applications,1,1,1,1,1,0,0,0,1,1,0,0,1,1,1,1,0,1,1,0,0,1,1,0,0,0,0,0,0,0,0,0,0,0,1,0,0,0,0,0,0,0,1,0,0,0,0
Code coverage,1,0,1,1,1,1,1,1,1,0,0,1,1,0,1,1,1,1,0,1,1,1,0,1,1,1,1,1,1,1,0,1,1,1,1,1,1,1,0,1,0,1,0,1,0,0,0
Code refactoring,1,1,1,1,1,1,1,1,1,1,1,0,1,1,1,1,1,1,0,1,1,1,1,1,1,1,1,1,1,1,0,1,1,1,1,1,1,1,0,1,0,0,0,0,0,0,0
Commercial-Off-The-Shelf (Cots),1,0,1,1,1,0,0,0,0,0,0,0,0,0,0,0,0,0,0,0,0,0,0,0,0,0,0,0,0,0,0,0,0,0,0,0,0,0,0,0,0,0,0,0,0,0,0
Compiler,0,0,1,0,1,0,1,0,1,1,0,1,1,0,1,0,0,1,1,1,1,0,0,1,0,1,1,0,0,1,1,1,0,1,0,1,1,0,0,0,0,1,0,1,0,0,1
Compiler Design,1,0,1,1,1,0,0,0,1,1,1,0,1,0,0,0,0,0,0,0,1,0,0,1,0,0,0,0,0,0,0,0,0,0,0,1,0,0,1,0,0,1,0,0,0,0,0
comprehensive consistent documentation,0.9,0.9,0.9,0.9,0.9,0.9,0.9,0.9,0.9,0.5,0.9,0.5,0.5,0.9,0.1,0.5,0.9,0.5,0.9,0.5,0.9,0.5,0.9,0.9,0.5,0.5,0.9,0.9,0.9,0.5,0.9,0.5,0.5,0.9,0.9,0.5,0.5,0.5,0.5,0.9,0.5,0.1,0.9,0.5,0.1,0.5,0.1
Computation-Dominant Software,1,1,1,1,1,1,1,1,1,1,1,1,0,0,0,0,0,0,0,1,0,0,1,0,0,0,0,0,0,0,0,1,0,0,0,0,0,1,0,0,0,0,0,0,0,0,0
Constraint programming,1,1,1,1,1,0,0,0,0,0,0,0,0,0,0,0,0,0,0,0,1,0,0,0,0,0,0,0,1,0,0,0,0,0,0,0,0,0,1,0,0,0,0,0,0,0,0
Control-Dominant Software,1,1,1,1,1,0,1,0,1,1,1,1,1,1,0,1,1,1,1,0,0,0,0,1,0,1,0,1,0,0,1,0,0,0,1,0,0,1,0,0,1,0,0,0,1,0,1
Cross platform / Multiplatform (platform-independent),1,1,1,1,1,1,1,1,1,1,1,1,1,1,1,1,1,1,1,1,1,1,1,1,1,1,1,1,1,1,1,1,1,1,1,1,1,1,1,1,1,0,1,0,0,0,0
Data Base Systems,1,1,1,1,1,1,0,0,0,1,0,0,0,0,0,0,1,1,1,1,0,1,0,0,0,0,1,0,0,0,0,0,0,0,0,0,0,0,0,0,0,0,0,0,0,0,0
Data-Dominant Software,1,1,1,1,1,1,1,1,1,1,1,0,1,1,0,1,1,0,0,1,0,0,1,1,0,0,0,0,0,0,0,0,0,0,1,0,1,0,0,1,0,1,1,0,0,0,0
Data-driven programming,0,0,0,0,0,0,0,1,0,0,0,0,0,0,0,1,0,0,0,0,0,1,0,0,0,0,0,0,0,0,0,0,0,0,0,0,0,0,0,0,0,0,0,0,0,0,0
Debugger,1,1,1,1,1,1,1,1,1,1,1,1,1,1,1,1,1,1,1,1,1,1,1,1,1,1,1,1,1,1,1,1,1,1,1,1,1,1,1,1,0,1,0,1,0,1,0
Declarative programming,0,0,1,1,0,0,1,0,0,0,0,0,1,0,0,0,0,0,0,0,0,0,0,0,0,0,0,0,1,0,0,0,0,0,0,0,0,0,0,0,0,0,1,0,0,0,0
Design and Engineering Software,1,1,1,1,1,1,1,0,1,1,1,1,1,1,1,0,1,1,1,1,1,1,1,1,1,0,1,1,1,1,1,1,1,1,1,1,1,0,1,0,1,1,0,1,1,1,0
Distributed Computing,1,1,1,1,1,1,1,1,1,1,1,1,1,1,1,1,1,1,1,0,1,1,1,1,1,1,1,1,0,1,0,1,1,1,1,1,0,1,0,0,0,1,1,0,0,0,0
Distributed Systems,1,0,1,1,1,1,0,1,1,0,0,1,0,0,1,0,0,1,1,0,0,0,0,0,0,1,0,0,0,1,0,0,0,0,0,0,0,1,0,0,0,0,0,0,0,0,0
Docker,1,1,1,0,1,1,1,1,1,1,1,1,1,1,1,1,0,1,1,1,0,1,1,0,1,1,1,1,1,0,1,0,1,1,0,1,0,0,1,0,0,0,1,0,0,0,0
Domain-Specific PL,0,0,0,0,0,0,1,0,0,0,0,1,0,0,0,0,0,0,0,1,0,0,1,1,0,0,0,1,0,0,1,0,0,0,1,0,1,1,1,1,1,0,1,1,1,0,1
Dynamic programming,1,1,0,1,0,0,0,1,0,0,1,1,1,1,0,1,1,1,0,0,0,1,0,1,0,1,0,0,1,0,0,1,1,0,1,0,1,0,0,1,0,0,0,0,1,0,0
easy to read existing code,0.9,0.9,0.9,0.9,0.5,0.5,0.9,0.9,0.5,0.9,0.9,0.9,0.9,0.5,0.5,0.5,0.9,0.5,0.5,0.5,0.5,0.5,0.1,0.5,0.5,0.5,0.5,0.5,0.9,0.5,0.5,0.5,0.9,0.5,0.5,0.5,0.5,0.5,0.5,0.9,0.1,0.1,0.1,0.5,0.1,0.1,0.1
easy to reuse existing code,0.9,0.9,0.9,0.9,0.5,0.5,0.5,0.9,0.5,0.5,0.9,0.9,0.5,0.5,0.5,0.5,0.9,0.1,0.5,0.5,0.5,0.5,0.1,0.5,0.1,0.1,0.1,0.1,0.9,0.5,0.5,0.5,0.9,0.1,0.5,0.5,0.5,0.1,0.5,0.5,0.1,0.1,0.1,0.5,0.1,0.1,0.1
easy to write new code,0.9,0.9,0.9,0.9,0.9,0.9,0.9,0.9,0.9,0.9,0.9,0.9,0.9,0.9,0.5,0.5,0.9,0.5,0.5,0.5,0.5,0.5,0.5,0.9,0.5,0.5,0.5,0.5,0.5,0.5,0.5,0.5,0.5,0.5,0.5,0.5,0.5,0.5,0.5,0.5,0.5,0.5,0.5,0.5,0.5,0.1,0.1
Embedded Systems,1,1,1,1,1,0,0,0,1,1,0,1,0,0,0,1,1,0,1,0,0,0,0,0,0,1,0,1,0,0,1,0,0,0,0,0,0,1,0,0,0,0,0,0,0,0,1
Event-driven programming,1,0,0,1,0,1,1,0,0,1,0,1,1,0,0,0,1,1,1,0,1,0,0,0,0,1,1,0,1,0,1,0,1,0,0,0,0,0,0,0,0,0,0,0,0,0,0
Exchange Data And Information,0,1,1,0,1,1,0,0,1,1,0,0,1,0,0,1,0,0,0,1,0,0,0,0,0,0,0,0,0,0,0,0,0,0,1,0,1,0,0,1,0,0,1,0,0,0,0
Expert System,1,1,1,1,1,0,0,1,0,0,0,1,0,0,0,0,0,0,0,1,1,0,0,0,0,1,1,0,0,1,0,0,0,0,0,0,0,0,1,1,1,0,0,0,1,0,0
File-Sharing Applications,1,1,1,1,1,0,1,1,0,1,1,0,0,1,0,0,1,0,0,0,0,0,1,1,0,0,0,0,0,0,0,0,0,0,0,0,0,0,0,0,0,1,1,0,0,0,0
Flow-Based Programming (FBP),1,0,1,1,0,0,0,0,0,0,0,0,0,0,0,0,1,0,0,0,0,0,0,0,0,0,0,0,1,0,0,0,0,0,0,0,0,0,0,0,0,0,0,0,0,0,0
Free implementation of the core libraries,0,0,1,1,1,1,1,1,1,1,1,1,1,1,1,1,1,1,1,1,1,1,1,1,1,1,1,1,1,1,1,1,1,1,1,1,1,1,1,1,1,1,0,1,1,0,0
Front-end,1,1,1,1,1,0,1,0,1,1,1,0,1,0,0,1,1,0,0,0,1,1,1,1,1,0,1,1,0,1,0,1,0,1,0,0,0,0,0,1,0,0,0,0,1,1,0
Full-stack,1,1,1,1,1,0,1,0,1,1,1,0,1,0,0,0,0,0,0,0,1,1,0,1,0,0,1,1,0,1,0,0,0,1,0,0,0,0,0,1,0,0,0,0,1,1,0
Functional programming,1,1,0,1,0,1,1,1,0,1,1,1,1,1,1,1,1,1,1,0,0,1,0,0,0,1,0,0,1,0,1,0,1,0,1,1,1,0,1,0,0,1,0,0,0,1,0
Games / Entertainment,1,1,1,1,1,0,1,0,1,1,0,1,0,1,1,1,1,0,0,0,0,0,1,1,0,0,1,0,0,0,1,1,0,0,0,0,0,0,0,0,0,0,0,0,0,0,0
Gaming Systems,1,1,1,1,1,0,1,0,1,1,0,1,0,1,1,1,1,0,0,0,0,0,1,1,0,0,1,0,0,0,1,1,0,0,0,0,0,0,0,0,0,0,0,0,0,0,0
General-Purpose PL,1,1,1,1,1,1,0,1,1,1,1,0,1,1,1,1,1,1,1,0,1,1,0,0,1,1,1,0,1,1,0,1,1,1,0,1,0,0,0,0,0,1,0,0,0,1,0
Generic programming,1,1,0,1,0,0,1,0,0,1,1,0,1,0,0,0,0,0,0,1,1,0,0,0,1,0,0,0,1,1,1,0,0,0,0,0,0,0,0,0,0,0,0,0,0,0,0
Google Cloud Platform,1,1,0,1,0,1,1,1,1,1,0,0,1,1,1,1,0,1,1,1,0,1,1,0,1,1,1,1,1,0,0,0,1,1,0,0,0,0,1,0,0,0,0,0,0,0,0
GUI builder,1,1,1,1,1,1,1,1,1,1,1,1,1,1,1,1,1,0,0,1,1,1,1,1,0,1,1,0,1,1,1,1,1,1,1,1,1,0,0,1,1,1,0,0,0,1,0
Heroku,1,1,0,0,0,1,1,1,1,0,1,1,1,1,1,1,0,1,1,1,0,1,1,0,1,1,0,1,1,1,0,0,0,1,0,0,0,0,0,0,0,0,0,0,0,0,0
Human Resource Availability (Developers),0.9,0.9,0.9,0.9,0.9,0.9,0.9,0.9,0.9,0.5,0.9,0.1,0.5,0.9,0.5,0.9,0.9,0.9,0.9,0.9,0.5,0.5,0.9,0.9,0.5,0.9,0.9,0.9,0.9,0.9,0.9,0.5,0.9,0.9,0.9,0.9,0.9,0.9,0.9,0.9,0.1,0.1,0.9,0.9,0.5,0.9,0.1
IBM Cloud or Watson,1,0,0,1,0,0,1,0,0,0,1,1,0,1,1,1,0,1,1,1,1,1,1,0,0,0,0,0,0,0,1,0,0,0,0,0,0,0,1,0,0,0,0,0,0,0,0
Imperative programming,1,1,1,1,0,0,1,1,1,1,1,1,0,1,1,0,0,0,0,1,0,0,0,0,0,0,0,0,1,0,1,0,1,0,0,0,1,1,0,1,1,1,0,0,0,0,1
Information Management and Decision Support Systems,1,1,1,1,1,1,0,1,0,0,1,1,0,1,0,0,1,0,0,1,1,1,1,0,1,1,1,0,1,1,0,0,0,0,0,0,0,0,1,1,1,0,1,0,1,0,0
Interactive System,1,1,1,1,1,1,1,0,0,0,1,1,1,1,1,0,1,1,1,1,1,1,1,1,1,0,1,1,1,1,1,1,1,1,1,1,1,0,1,0,1,1,0,1,1,1,0
Internet Of Things (Iots),1,1,1,1,1,0,1,0,0,1,1,1,1,1,0,1,1,0,1,0,0,0,0,1,0,1,0,0,0,0,1,0,0,0,1,0,0,1,0,0,0,0,0,0,0,0,0
Interpreter,0,1,0,0,0,0,0,0,0,0,1,0,0,1,0,1,1,0,0,0,0,0,1,0,1,0,0,0,0,0,0,1,0,0,1,0,0,0,1,1,1,0,1,0,1,1,0
iOS,1,1,1,1,0,1,1,0,1,1,0,1,1,1,1,1,0,1,1,1,1,1,1,1,1,1,0,1,0,1,1,1,0,1,0,0,0,0,0,0,0,0,0,0,0,0,0
Kubernetes,0,0,0,0,0,1,1,1,1,0,0,1,1,0,1,1,0,1,0,1,0,1,1,0,1,1,1,1,0,0,1,0,0,1,0,0,0,0,0,0,0,0,0,0,0,0,0
Language-oriented programming(LOP),1,0,1,0,0,0,0,0,0,0,0,1,0,0,0,0,0,0,0,0,0,0,0,0,0,0,0,0,0,0,0,0,0,0,0,1,0,0,0,0,0,0,0,0,0,0,0
Licensed,1,1,1,1,1,1,1,1,1,1,1,1,1,1,1,1,1,1,1,1,1,1,0,1,1,1,1,1,1,1,1,1,1,1,1,1,1,1,1,1,1,1,1,1,1,0,0
Linux,1,1,1,0,1,1,1,1,1,1,1,0,1,1,1,1,1,1,1,1,1,1,1,1,1,1,0,1,0,1,1,1,1,1,1,1,1,1,1,1,1,0,1,0,0,0,0
macOS,1,0,1,1,1,1,1,1,1,1,0,0,1,0,1,1,0,0,0,1,1,1,1,1,1,1,0,1,1,1,1,1,1,1,0,1,1,1,0,1,1,0,1,0,0,0,0
Maintainability,0.9,0.9,0.5,0.9,0.5,0.5,0.5,0.9,0.5,0.5,0.5,0.5,0.5,0.5,0.5,0.5,0.5,0.5,0.5,0.5,0.5,0.5,0.1,0.5,0.5,0.5,0.5,0.1,0.9,0.5,0.5,0.5,0.5,0.5,0.5,0.5,0.5,0.1,0.1,0.5,0.1,0.5,0.1,0.5,0.1,0.1,0.1
Management Information Systems,1,1,1,1,0,1,0,1,0,0,1,0,0,1,0,0,1,0,0,0,1,1,1,0,1,0,1,0,1,0,0,0,0,0,0,0,0,0,0,0,0,0,1,0,0,0,0
Maturity level,0.9,0.9,0.9,0.9,0.9,0.9,0.9,0.9,0.9,0.9,0.9,0.9,0.9,0.9,0.9,0.9,0.5,0.5,0.5,0.5,0.5,0.5,0.5,0.5,0.5,0.5,0.5,0.5,0.5,0.5,0.5,0.5,0.5,0.5,0.5,0.5,0.5,0.5,0.5,0.5,0.5,0.5,0.5,0.5,0.1,0.1,0.1
Metaprogramming,0,1,0,0,0,0,0,0,0,0,1,0,0,0,0,0,0,0,0,0,0,0,0,0,0,0,0,0,0,0,0,0,1,0,0,0,0,0,0,0,0,0,0,0,0,0,0
Microsoft Azure,1,1,0,1,0,1,1,1,1,1,0,1,1,1,1,0,1,1,0,0,1,1,1,0,1,1,1,1,1,1,1,0,0,0,0,0,0,0,0,0,1,0,0,0,1,0,0
Mobile Applications,1,1,1,1,0,1,1,0,1,1,1,1,1,1,1,1,1,1,1,0,1,1,1,1,1,1,1,1,0,1,0,1,1,1,0,1,0,0,0,0,0,1,0,0,0,0,0
Multi-Processors Environment,1,1,1,0,1,0,0,0,0,0,0,1,0,0,0,0,0,0,1,0,0,0,0,0,0,1,0,0,0,0,0,0,0,0,0,0,0,1,0,0,0,0,0,0,0,0,0
Network and Communication Systems,1,1,1,0,1,1,0,1,0,1,0,0,0,0,1,1,0,1,1,0,0,0,1,0,1,0,0,1,0,0,0,0,0,0,0,0,0,0,0,0,1,0,0,0,1,0,0
Non-structured programming,0,0,0,0,0,0,0,0,0,0,0,0,0,0,0,0,0,0,0,1,0,0,0,0,0,0,0,0,0,0,0,0,0,0,0,0,0,1,0,0,0,0,0,1,0,0,0
Object-oriented programming (OOP),1,1,1,1,0,1,1,1,1,1,1,1,1,1,1,1,1,0,1,1,1,0,0,1,1,0,0,1,1,1,1,1,1,1,1,0,1,0,0,1,0,0,0,1,0,0,0
Open source,1,1,1,1,1,1,0,1,1,1,1,1,1,1,0,1,1,1,1,0,0,1,1,0,1,1,0,1,1,0,1,1,1,1,1,1,1,1,1,0,1,1,1,1,0,1,0
Open source compiler/interpreter ,1,1,1,1,1,1,0,1,1,1,1,1,1,1,0,1,1,1,1,1,0,1,1,0,1,0,1,1,1,1,1,1,1,1,1,1,1,0,0,0,1,1,0,1,0,1,0
Operating Systems,0,0,1,0,1,0,0,0,1,0,0,1,0,0,0,0,0,0,0,0,0,0,0,1,0,0,0,0,0,0,0,0,0,0,0,0,0,1,1,0,1,0,0,0,1,0,0
ORM,1,1,0,1,0,1,1,1,0,0,1,0,0,1,0,0,0,0,0,0,0,0,0,1,0,0,1,0,1,0,0,0,1,0,0,0,0,0,0,0,0,0,0,0,0,0,0
Package Manager,1,1,1,1,0,1,1,1,1,1,1,1,1,1,1,1,1,1,1,1,1,1,1,1,1,1,1,1,1,1,1,0,1,1,1,1,1,1,1,1,1,0,0,0,0,0,0
Pattern Recognition,0,1,0,1,1,0,0,0,0,0,0,0,0,0,0,0,0,0,0,0,0,0,0,0,0,0,0,0,0,0,0,0,0,0,0,0,0,0,0,0,0,0,0,0,0,0,0
Plug-and-Play Environment,0,1,1,0,0,0,0,1,0,1,0,0,0,0,0,1,0,0,0,0,0,0,0,0,0,0,0,0,0,0,0,1,0,0,0,0,0,0,0,0,0,0,0,0,0,0,0
Popularity in the market,0.9,0.9,0.9,0.9,0.9,0.9,0.9,0.5,0.9,0.5,0.9,0.5,0.5,0.9,0.1,0.5,0.9,0.5,0.5,0.1,0.5,0.1,0.9,0.9,0.5,0.5,0.5,0.5,0.5,0.5,0.5,0.1,0.1,0.5,0.9,0.5,0.5,0.5,0.5,0.5,0.1,0.1,0.5,0.1,0.1,0.1,0.1
Probabilistic programming,1,1,1,0,1,1,0,0,1,0,0,0,0,0,1,0,1,0,0,0,0,1,0,0,0,0,0,0,0,0,0,0,0,0,0,1,1,0,1,1,0,0,1,0,0,0,0
Procedural programming,1,1,1,1,1,1,1,1,1,1,1,1,0,0,1,1,0,0,1,1,0,0,0,1,0,0,0,1,1,0,1,1,1,1,1,0,1,0,0,1,1,0,0,1,1,0,0
Profiler,1,1,0,1,0,1,0,1,1,0,1,1,1,0,1,1,0,1,0,1,1,1,0,1,0,0,1,0,0,1,0,1,0,1,0,1,1,0,0,0,1,1,0,1,0,0,0
Real-Time Systems,1,1,1,0,1,0,1,0,0,0,0,1,0,0,0,0,0,1,0,0,0,0,0,0,0,0,0,0,0,0,0,0,0,0,0,0,0,1,0,0,1,0,0,0,1,0,1
Reflective programming,1,1,0,1,0,0,0,1,1,0,1,0,1,1,0,1,0,0,1,0,1,0,0,0,0,0,0,0,1,1,0,0,0,0,1,0,1,0,1,0,0,0,0,0,1,0,0
Reusability,0.9,0.9,0.9,0.9,0.9,0.9,0.9,0.9,0.9,0.9,0.9,0.9,0.5,0.9,0.5,0.9,0.9,0.5,0.5,0.5,0.5,0.5,0.5,0.5,0.5,0.5,0.5,0.5,0.5,0.5,0.5,0.5,0.5,0.5,0.5,0.5,0.5,0.1,0.5,0.5,0.5,0.5,0.5,0.5,0.5,0.1,0.1
Scalability,0.9,0.9,0.9,0.9,0.5,0.9,0.9,0.9,0.9,0.9,0.9,0.9,0.9,0.9,0.5,0.9,0.9,0.5,0.9,0.5,0.5,0.5,0.1,0.5,0.5,0.5,0.5,0.5,0.9,0.5,0.5,0.5,0.9,0.5,0.5,0.5,0.5,0.1,0.5,0.5,0.1,0.5,0.1,0.5,0.1,0.1,0.1
self-documenting (or self-describing) syntax,0.9,0.9,0.5,0.5,0.1,0.9,0.5,0.9,0.5,0.1,0.1,0.1,0.5,0.9,0.1,0.9,0.5,0.1,0.9,0.1,0.5,0.1,0.9,0.1,0.9,0.1,0.9,0.9,0.5,0.1,0.1,0.9,0.9,0.5,0.1,0.1,0.1,0.1,0.1,0.1,0.1,0.5,0.1,0.1,0.1,0.5,0.1
Service-Based Systems,1,1,1,1,1,1,0,1,1,1,1,0,1,1,1,0,0,0,1,0,1,1,0,1,1,1,1,1,1,1,1,0,1,1,1,1,0,0,1,0,0,1,0,0,0,0,0
Signal Processing,1,0,1,0,1,0,1,0,1,0,0,1,0,0,0,0,0,0,0,0,0,0,0,0,0,0,0,0,0,0,0,0,0,0,0,0,0,1,0,0,0,0,0,0,0,0,0
simple and concise syntax,0.5,0.9,0.5,0.5,0.5,0.5,0.5,0.9,0.5,0.5,0.9,0.1,0.5,0.9,0.1,0.9,0.5,0.1,0.5,0.1,0.5,0.1,0.9,0.1,0.9,0.5,0.9,0.5,0.1,0.1,0.1,0.5,0.5,0.5,0.1,0.1,0.1,0.1,0.1,0.1,0.1,0.9,0.9,0.1,0.1,0.5,0.1
socket programming,1,1,1,1,1,1,1,1,1,1,1,0,1,1,1,1,1,1,1,1,1,1,1,1,1,0,1,1,1,1,1,1,1,1,0,1,1,1,0,1,1,0,0,0,0,0,0
Software Architecture Design Patterns,1,1,1,1,0,1,1,1,1,1,1,1,1,1,1,1,1,0,1,1,1,0,0,1,1,0,0,1,0,1,1,1,1,1,1,0,1,0,0,0,0,0,0,1,0,0,0
Software Architecture Patterns,1,1,1,1,1,1,0,1,1,1,1,0,1,1,1,1,1,1,1,0,1,1,0,0,1,1,1,0,1,1,0,0,1,1,0,1,0,0,0,0,0,1,0,0,0,1,0
Speech Recognition,1,1,0,1,0,1,1,1,1,1,1,0,0,0,0,0,0,0,0,1,0,0,1,0,0,0,0,0,0,0,0,1,0,0,0,0,0,0,0,0,0,0,0,0,0,0,0
Static code analysis,1,1,1,1,1,1,1,1,1,1,1,1,1,1,1,1,1,1,1,1,1,1,1,1,1,1,1,1,1,1,0,0,1,1,1,1,0,1,0,1,1,1,1,1,0,0,0
support threading,1,0,1,1,1,1,1,1,1,1,1,1,1,0,1,1,1,1,1,1,1,1,1,1,1,1,1,1,1,1,1,1,1,1,1,1,1,1,1,1,1,1,1,1,0,1,0
Systems Software,1,1,1,0,1,1,0,1,1,1,0,1,0,0,1,1,0,1,1,0,0,0,1,1,1,1,0,1,0,0,0,1,0,0,0,0,0,1,1,0,1,0,0,0,1,0,0
Testing tools,1,1,0,1,0,1,1,1,1,1,1,1,1,0,1,1,1,1,0,1,1,1,0,1,1,1,1,1,1,1,1,1,1,1,1,1,1,1,0,1,0,1,0,1,0,0,0
Toolchain,1,0,1,0,1,1,1,1,0,0,0,0,0,0,0,1,0,0,1,1,1,0,0,1,1,1,0,0,0,1,0,1,0,0,0,0,1,1,0,0,0,1,0,0,0,0,0
Transaction Processing,1,1,1,1,0,1,1,1,0,0,1,0,1,1,1,0,0,1,0,1,0,0,1,0,1,0,1,1,0,0,0,0,0,0,1,0,0,0,1,0,0,0,1,1,0,0,0
Web Applications / Services,1,1,1,1,1,1,1,1,1,1,1,1,1,1,1,1,1,1,1,0,1,1,1,1,1,1,1,1,1,1,1,1,1,1,1,1,1,0,1,0,0,1,0,0,0,0,0
Web Services,1,1,1,1,1,0,1,1,0,0,1,0,1,1,1,0,0,1,0,0,1,1,0,1,0,0,0,0,1,0,1,0,0,0,0,1,1,0,1,0,0,0,0,0,0,0,0
Web-based,1,1,1,1,1,1,0,1,1,1,1,1,1,1,1,1,1,0,1,0,1,1,1,1,1,1,1,1,1,1,1,1,1,1,1,1,0,0,1,0,0,1,0,0,0,0,0
Web-Based Systems,1,1,1,1,0,1,1,1,1,1,1,1,1,1,1,1,1,0,1,0,1,0,1,1,1,1,1,1,1,1,0,1,1,1,1,1,0,0,0,0,0,1,0,0,0,0,0
Windows,1,1,1,1,1,1,0,1,1,1,1,1,1,1,1,1,1,1,1,1,1,1,1,0,1,1,1,1,1,1,1,1,1,1,1,1,1,1,1,1,0,0,1,1,1,1,0
Wordpress,0,0,0,0,0,0,0,0,0,0,0,0,0,1,0,0,1,0,0,0,0,0,1,0,0,0,0,0,0,0,0,0,0,0,0,0,0,0,0,0,0,0,0,0,0,0,0
